{"bt": -0.5877488921555512, "naive": -0.5888742215443505, "intransitive": -0.5146507455136133, "constant": -0.5872213777320164, "bc": -0.54}