{"bt": -0.5659971199742239, "naive": -0.5789999778562147, "intransitive": -0.47794622359223354, "constant": -0.5651619960711828, "bc": -0.505}